-- phpMyAdmin SQL Dump
-- version 4.1.12
-- http://www.phpmyadmin.net
--
-- Φιλοξενητής: 127.0.0.1
-- Χρόνος δημιουργίας: 29 Ιουν 2014 στις 16:27:58
-- Έκδοση διακομιστή: 5.6.16
-- Έκδοση PHP: 5.5.11

SET SQL_MODE = "NO_AUTO_VALUE_ON_ZERO";
SET time_zone = "+00:00";


/*!40101 SET @OLD_CHARACTER_SET_CLIENT=@@CHARACTER_SET_CLIENT */;
/*!40101 SET @OLD_CHARACTER_SET_RESULTS=@@CHARACTER_SET_RESULTS */;
/*!40101 SET @OLD_COLLATION_CONNECTION=@@COLLATION_CONNECTION */;
/*!40101 SET NAMES utf8 */;

--
-- Βάση δεδομένων: `webproject`
--

-- --------------------------------------------------------

--
-- Δομή πίνακα για τον πίνακα `web_categories`
--

CREATE TABLE IF NOT EXISTS `web_categories` (
  `id` int(10) NOT NULL AUTO_INCREMENT,
  `name` varchar(30) NOT NULL,
  PRIMARY KEY (`id`)
) ENGINE=InnoDB  DEFAULT CHARSET=utf8 AUTO_INCREMENT=8 ;

--
-- Άδειασμα δεδομένων του πίνακα `web_categories`
--

INSERT INTO `web_categories` (`id`, `name`) VALUES
(1, 'Uncategorized'),
(2, 'Γενικά'),
(3, 'τεστ'),
(5, 'μιτσοσ'),
(7, 'τεστ');

-- --------------------------------------------------------

--
-- Δομή πίνακα για τον πίνακα `web_reports`
--

CREATE TABLE IF NOT EXISTS `web_reports` (
  `id` int(10) NOT NULL AUTO_INCREMENT,
  `time_submitted` datetime NOT NULL,
  `time_closed` datetime NOT NULL,
  `status` enum('Closed','Open','','') NOT NULL,
  `submitter_id` int(11) NOT NULL,
  `closer_id` int(11) NOT NULL,
  `comment` text NOT NULL,
  PRIMARY KEY (`id`),
  KEY `submitted_id` (`submitter_id`),
  KEY `closer_id` (`closer_id`)
) ENGINE=InnoDB  DEFAULT CHARSET=utf8 AUTO_INCREMENT=160 ;

--
-- Άδειασμα δεδομένων του πίνακα `web_reports`
--

INSERT INTO `web_reports` (`id`, `time_submitted`, `time_closed`, `status`, `submitter_id`, `closer_id`, `comment`) VALUES
(1, '2014-04-19 07:28:00', '2014-06-27 00:16:40', 'Closed', 3, 3, 'ΕςΚΛΕΙΣΕΑ'),
(2, '2014-04-09 00:00:00', '2014-06-23 00:29:41', 'Closed', 3, 3, 'Τελικά βγήκε και τον είδαμε...οκ'),
(3, '2014-06-17 18:34:15', '0000-00-00 00:00:00', 'Open', 3, 0, ''),
(36, '2014-06-29 01:12:56', '0000-00-00 00:00:00', 'Open', 3, 0, ''),
(37, '2014-06-29 01:12:56', '0000-00-00 00:00:00', 'Open', 3, 0, ''),
(38, '2014-06-29 01:13:46', '0000-00-00 00:00:00', 'Open', 3, 0, ''),
(39, '2014-06-29 01:14:47', '0000-00-00 00:00:00', 'Open', 3, 0, ''),
(40, '2014-06-29 01:18:26', '0000-00-00 00:00:00', 'Open', 3, 0, ''),
(41, '2014-06-29 01:20:19', '0000-00-00 00:00:00', 'Open', 3, 0, ''),
(42, '2014-06-29 01:20:21', '0000-00-00 00:00:00', 'Open', 3, 0, ''),
(43, '2014-06-29 01:20:21', '0000-00-00 00:00:00', 'Open', 3, 0, ''),
(44, '2014-06-29 01:20:21', '0000-00-00 00:00:00', 'Open', 3, 0, ''),
(45, '2014-06-29 01:20:35', '0000-00-00 00:00:00', 'Open', 3, 0, ''),
(46, '2014-06-29 01:20:35', '0000-00-00 00:00:00', 'Open', 3, 0, ''),
(47, '2014-06-29 01:20:35', '0000-00-00 00:00:00', 'Open', 3, 0, ''),
(48, '2014-06-29 01:20:35', '0000-00-00 00:00:00', 'Open', 3, 0, ''),
(49, '2014-06-29 01:20:55', '0000-00-00 00:00:00', 'Open', 3, 0, ''),
(50, '2014-06-29 01:20:55', '0000-00-00 00:00:00', 'Open', 3, 0, ''),
(51, '2014-06-29 01:20:56', '0000-00-00 00:00:00', 'Open', 3, 0, ''),
(52, '2014-06-29 01:20:56', '0000-00-00 00:00:00', 'Open', 3, 0, ''),
(53, '2014-06-29 01:20:56', '0000-00-00 00:00:00', 'Open', 3, 0, ''),
(54, '2014-06-29 01:20:56', '0000-00-00 00:00:00', 'Open', 3, 0, ''),
(55, '2014-06-29 01:20:56', '0000-00-00 00:00:00', 'Open', 3, 0, ''),
(56, '2014-06-29 01:20:56', '0000-00-00 00:00:00', 'Open', 3, 0, ''),
(57, '2014-06-29 01:20:56', '0000-00-00 00:00:00', 'Open', 3, 0, ''),
(58, '2014-06-29 01:20:57', '0000-00-00 00:00:00', 'Open', 3, 0, ''),
(59, '2014-06-29 01:20:57', '0000-00-00 00:00:00', 'Open', 3, 0, ''),
(60, '2014-06-29 01:20:57', '0000-00-00 00:00:00', 'Open', 3, 0, ''),
(61, '2014-06-29 01:20:57', '0000-00-00 00:00:00', 'Open', 3, 0, ''),
(62, '2014-06-29 01:20:57', '0000-00-00 00:00:00', 'Open', 3, 0, ''),
(63, '2014-06-29 01:20:57', '0000-00-00 00:00:00', 'Open', 3, 0, ''),
(64, '2014-06-29 01:20:57', '0000-00-00 00:00:00', 'Open', 3, 0, ''),
(65, '2014-06-29 01:20:57', '0000-00-00 00:00:00', 'Open', 3, 0, ''),
(66, '2014-06-29 01:20:57', '0000-00-00 00:00:00', 'Open', 3, 0, ''),
(67, '2014-06-29 01:20:57', '0000-00-00 00:00:00', 'Open', 3, 0, ''),
(68, '2014-06-29 01:20:57', '0000-00-00 00:00:00', 'Open', 3, 0, ''),
(69, '2014-06-29 01:20:57', '0000-00-00 00:00:00', 'Open', 3, 0, ''),
(70, '2014-06-29 01:20:57', '0000-00-00 00:00:00', 'Open', 3, 0, ''),
(71, '2014-06-29 01:20:58', '0000-00-00 00:00:00', 'Open', 3, 0, ''),
(72, '2014-06-29 01:20:58', '0000-00-00 00:00:00', 'Open', 3, 0, ''),
(73, '2014-06-29 01:20:58', '0000-00-00 00:00:00', 'Open', 3, 0, ''),
(74, '2014-06-29 01:20:58', '0000-00-00 00:00:00', 'Open', 3, 0, ''),
(75, '2014-06-29 01:20:58', '0000-00-00 00:00:00', 'Open', 3, 0, ''),
(76, '2014-06-29 01:20:58', '0000-00-00 00:00:00', 'Open', 3, 0, ''),
(77, '2014-06-29 01:20:58', '0000-00-00 00:00:00', 'Open', 3, 0, ''),
(78, '2014-06-29 01:20:58', '0000-00-00 00:00:00', 'Open', 3, 0, ''),
(79, '2014-06-29 01:20:58', '0000-00-00 00:00:00', 'Open', 3, 0, ''),
(80, '2014-06-29 01:20:58', '0000-00-00 00:00:00', 'Open', 3, 0, ''),
(81, '2014-06-29 01:20:58', '0000-00-00 00:00:00', 'Open', 3, 0, ''),
(82, '2014-06-29 01:20:58', '0000-00-00 00:00:00', 'Open', 3, 0, ''),
(83, '2014-06-29 01:20:58', '0000-00-00 00:00:00', 'Open', 3, 0, ''),
(84, '2014-06-29 01:20:58', '0000-00-00 00:00:00', 'Open', 3, 0, ''),
(85, '2014-06-29 01:20:58', '0000-00-00 00:00:00', 'Open', 3, 0, ''),
(86, '2014-06-29 01:20:59', '0000-00-00 00:00:00', 'Open', 3, 0, ''),
(87, '2014-06-29 01:20:59', '0000-00-00 00:00:00', 'Open', 3, 0, ''),
(88, '2014-06-29 01:20:59', '0000-00-00 00:00:00', 'Open', 3, 0, ''),
(89, '2014-06-29 01:20:59', '0000-00-00 00:00:00', 'Open', 3, 0, ''),
(90, '2014-06-29 01:20:59', '0000-00-00 00:00:00', 'Open', 3, 0, ''),
(91, '2014-06-29 01:20:59', '0000-00-00 00:00:00', 'Open', 3, 0, ''),
(92, '2014-06-29 01:20:59', '0000-00-00 00:00:00', 'Open', 3, 0, ''),
(93, '2014-06-29 01:20:59', '0000-00-00 00:00:00', 'Open', 3, 0, ''),
(94, '2014-06-29 01:20:59', '0000-00-00 00:00:00', 'Open', 3, 0, ''),
(95, '2014-06-29 01:20:59', '0000-00-00 00:00:00', 'Open', 3, 0, ''),
(96, '2014-06-29 01:20:59', '0000-00-00 00:00:00', 'Open', 3, 0, ''),
(97, '2014-06-29 01:20:59', '0000-00-00 00:00:00', 'Open', 3, 0, ''),
(98, '2014-06-29 01:20:59', '0000-00-00 00:00:00', 'Open', 3, 0, ''),
(99, '2014-06-29 01:20:59', '0000-00-00 00:00:00', 'Open', 3, 0, ''),
(100, '2014-06-29 01:21:00', '0000-00-00 00:00:00', 'Open', 3, 0, ''),
(101, '2014-06-29 01:21:00', '0000-00-00 00:00:00', 'Open', 3, 0, ''),
(102, '2014-06-29 01:21:00', '0000-00-00 00:00:00', 'Open', 3, 0, ''),
(103, '2014-06-29 01:21:00', '0000-00-00 00:00:00', 'Open', 3, 0, ''),
(104, '2014-06-29 01:21:00', '0000-00-00 00:00:00', 'Open', 3, 0, ''),
(105, '2014-06-29 01:21:00', '0000-00-00 00:00:00', 'Open', 3, 0, ''),
(106, '2014-06-29 01:21:00', '0000-00-00 00:00:00', 'Open', 3, 0, ''),
(107, '2014-06-29 01:21:00', '0000-00-00 00:00:00', 'Open', 3, 0, ''),
(108, '2014-06-29 01:21:00', '0000-00-00 00:00:00', 'Open', 3, 0, ''),
(109, '2014-06-29 01:21:00', '0000-00-00 00:00:00', 'Open', 3, 0, ''),
(110, '2014-06-29 01:21:01', '0000-00-00 00:00:00', 'Open', 3, 0, ''),
(111, '2014-06-29 01:21:01', '0000-00-00 00:00:00', 'Open', 3, 0, ''),
(112, '2014-06-29 01:21:01', '0000-00-00 00:00:00', 'Open', 3, 0, ''),
(113, '2014-06-29 01:21:01', '0000-00-00 00:00:00', 'Open', 3, 0, ''),
(114, '2014-06-29 01:21:01', '0000-00-00 00:00:00', 'Open', 3, 0, ''),
(115, '2014-06-29 01:21:01', '0000-00-00 00:00:00', 'Open', 3, 0, ''),
(116, '2014-06-29 01:21:01', '0000-00-00 00:00:00', 'Open', 3, 0, ''),
(117, '2014-06-29 01:21:01', '0000-00-00 00:00:00', 'Open', 3, 0, ''),
(118, '2014-06-29 01:21:02', '0000-00-00 00:00:00', 'Open', 3, 0, ''),
(119, '2014-06-29 01:21:02', '0000-00-00 00:00:00', 'Open', 3, 0, ''),
(120, '2014-06-29 01:21:02', '0000-00-00 00:00:00', 'Open', 3, 0, ''),
(121, '2014-06-29 01:21:02', '0000-00-00 00:00:00', 'Open', 3, 0, ''),
(122, '2014-06-29 01:21:02', '0000-00-00 00:00:00', 'Open', 3, 0, ''),
(123, '2014-06-29 01:21:02', '0000-00-00 00:00:00', 'Open', 3, 0, ''),
(124, '2014-06-29 01:21:02', '0000-00-00 00:00:00', 'Open', 3, 0, ''),
(125, '2014-06-29 01:21:02', '0000-00-00 00:00:00', 'Open', 3, 0, ''),
(126, '2014-06-29 01:21:02', '0000-00-00 00:00:00', 'Open', 3, 0, ''),
(127, '2014-06-29 01:21:02', '0000-00-00 00:00:00', 'Open', 3, 0, ''),
(128, '2014-06-29 01:21:02', '0000-00-00 00:00:00', 'Open', 3, 0, ''),
(129, '2014-06-29 01:21:02', '0000-00-00 00:00:00', 'Open', 3, 0, ''),
(130, '2014-06-29 01:21:02', '0000-00-00 00:00:00', 'Open', 3, 0, ''),
(131, '2014-06-29 01:21:02', '0000-00-00 00:00:00', 'Open', 3, 0, ''),
(132, '2014-06-29 01:21:02', '0000-00-00 00:00:00', 'Open', 3, 0, ''),
(133, '2014-06-29 01:21:02', '0000-00-00 00:00:00', 'Open', 3, 0, ''),
(134, '2014-06-29 01:21:02', '0000-00-00 00:00:00', 'Open', 3, 0, ''),
(135, '2014-06-29 01:21:03', '0000-00-00 00:00:00', 'Open', 3, 0, ''),
(136, '2014-06-29 01:21:03', '0000-00-00 00:00:00', 'Open', 3, 0, ''),
(137, '2014-06-29 01:21:03', '0000-00-00 00:00:00', 'Open', 3, 0, ''),
(138, '2014-06-29 01:21:03', '0000-00-00 00:00:00', 'Open', 3, 0, ''),
(139, '2014-06-29 01:21:03', '0000-00-00 00:00:00', 'Open', 3, 0, ''),
(140, '2014-06-29 01:21:03', '0000-00-00 00:00:00', 'Open', 3, 0, ''),
(141, '2014-06-29 01:21:03', '0000-00-00 00:00:00', 'Open', 3, 0, ''),
(142, '2014-06-29 01:21:03', '0000-00-00 00:00:00', 'Open', 3, 0, ''),
(143, '2014-06-29 01:21:03', '0000-00-00 00:00:00', 'Open', 3, 0, ''),
(144, '2014-06-29 01:21:03', '0000-00-00 00:00:00', 'Open', 3, 0, ''),
(145, '2014-06-29 01:21:03', '0000-00-00 00:00:00', 'Open', 3, 0, ''),
(146, '2014-06-29 01:21:03', '0000-00-00 00:00:00', 'Open', 3, 0, ''),
(147, '2014-06-29 01:21:03', '0000-00-00 00:00:00', 'Open', 3, 0, ''),
(148, '2014-06-29 01:21:03', '0000-00-00 00:00:00', 'Open', 3, 0, ''),
(149, '2014-06-29 01:24:00', '0000-00-00 00:00:00', 'Open', 3, 0, ''),
(150, '2014-06-29 01:37:35', '0000-00-00 00:00:00', 'Open', 3, 0, ''),
(151, '2014-06-29 01:39:49', '0000-00-00 00:00:00', 'Open', 3, 0, ''),
(152, '2014-06-29 01:39:49', '0000-00-00 00:00:00', 'Open', 3, 0, ''),
(153, '2014-06-29 01:39:49', '0000-00-00 00:00:00', 'Open', 3, 0, ''),
(154, '2014-06-29 01:39:49', '0000-00-00 00:00:00', 'Open', 3, 0, ''),
(155, '2014-06-29 01:39:55', '0000-00-00 00:00:00', 'Open', 3, 0, ''),
(156, '2014-06-29 01:39:55', '0000-00-00 00:00:00', 'Open', 3, 0, ''),
(157, '2014-06-29 01:39:55', '0000-00-00 00:00:00', 'Open', 3, 0, ''),
(158, '2014-06-29 01:39:55', '0000-00-00 00:00:00', 'Open', 3, 0, ''),
(159, '2014-06-29 15:45:37', '0000-00-00 00:00:00', 'Open', 3, 0, '');

-- --------------------------------------------------------

--
-- Δομή πίνακα για τον πίνακα `web_report_details`
--

CREATE TABLE IF NOT EXISTS `web_report_details` (
  `report_id` int(10) NOT NULL,
  `title` varchar(40) NOT NULL,
  `description` text NOT NULL,
  `latitude` decimal(17,14) NOT NULL,
  `longitude` decimal(17,14) NOT NULL,
  `category_id` int(10) NOT NULL,
  UNIQUE KEY `report_id` (`report_id`),
  KEY `category_id` (`category_id`)
) ENGINE=InnoDB DEFAULT CHARSET=utf8;

--
-- Άδειασμα δεδομένων του πίνακα `web_report_details`
--

INSERT INTO `web_report_details` (`report_id`, `title`, `description`, `latitude`, `longitude`, `category_id`) VALUES
(1, 'Κατούρησε στο πηγάδι', '23χρονος φοιτητής κατούρησε στο πηγάδι και μολύνθηκε ολόκληρη η περιοχή του.', '38.25006000000000', '21.73737600000000', 1),
(2, 'Βγήκε από το σπίτι', '22χρονος φοιτητής βγήκε από το σπίτι του μετά από 2 μήνες! Φίλοι και συγγενείς να σπεύσουν να επικοινωνήσουν μαζί του.', '38.23658700000000', '21.73395800000000', 1),
(3, 'Βρώμικα νερά', 'στο πασαλιμάνι', '39.00000000000000', '22.00000000000000', 3),
(36, 'Eίναι απαραίτητη ανάγκη να επιδιορθωθεί ', 'Οι υπολογιστές της γραμματείας χαλάσαν πάλι', '-58.97140151180000', '-73.02187774710000', 1),
(37, 'Πρέπει να καθαριστούν τα βρώμικα νερά αμ', 'Πρέπει να επιδιορθωθεί η λακούβα', '-21.11094438240000', '-85.46606094960000', 1),
(38, 'Ο μήτσος βγήκε απο το σπίτι', 'Πρέπει να καθαριστούν τα βρώμικα νερά αμέσως', '-38.71350791530000', '1.71061865742000', 1),
(39, 'adsfasdfa', 'adsfadfasdfasdf', '39.01544821328332', '32.34259124999994', 5),
(40, 'Ο σπύρος ρίχνει ξυλο στο πισι του', 'Να αντικατασταθεί το σπασμένο πληκτρολόγιο', '3.30749552664000', '-176.46483387500000', 1),
(41, 'Eίναι απαραίτητη ανάγκη να επιδιορθωθεί ', 'Ο σπύρος ρίχνει ξυλο στο πισι του', '35.67896465150000', '84.45843964330000', 1),
(42, 'Πρέπει να επιδιορθωθεί η λακούβα', 'Να αντικατασταθεί το σπίτι', '-16.20772927840000', '-23.53371466090000', 1),
(43, 'Eίναι απαραίτητη ανάγκη να επιδιορθωθεί ', 'Πρέπει να διορθωθεί το σπασμένο πληκτρολόγιο', '-22.71233540670000', '-86.42598628730000', 1),
(44, 'Πρέπει να επιδιορθωθεί η λακούβα', 'Να αντικατασταθεί το χαλασμένο ασανσέρ', '41.52433371780000', '116.88548966100000', 1),
(45, 'Ο σπύρος ρίχνει ξυλο στο πισι του', 'Πρέπει να επιδιορθωθεί η λακούβα', '-58.52599224330000', '23.78075043910000', 1),
(46, 'Οι υπολογιστές της γραμματείας χαλάσαν π', 'Πρέπει να επιδιορθωθεί η λακούβα', '22.71569817560000', '36.97682775560000', 1),
(47, 'Να αντικατασταθεί το χαλασμένο ασανσέρ', 'Eίναι απαραίτητη ανάγκη να καθαριστούν τα βρώμικα νερά αμέσως', '-7.47156045463000', '17.54926732720000', 1),
(48, 'Eίναι απαραίτητη ανάγκη να επιδιορθωθεί ', 'Πρέπει να διορθωθεί το χαλασμένο ασανσέρ', '50.40202242830000', '172.14578538100000', 1),
(49, 'Πρέπει να καθαριστούν τα βρώμικα νερά αμ', 'Eίναι απαραίτητη ανάγκη να καθαριστούν τα βρώμικα νερά αμέσως', '48.18005615160000', '-68.67603212430000', 1),
(50, 'Eίναι απαραίτητη ανάγκη να διορθωθεί το ', 'Οι υπολογιστές της γραμματείας χαλάσαν πάλι', '-11.21948776640000', '-121.36915819100000', 1),
(51, 'Ο σπύρος ρίχνει ξυλο στο πισι του', 'Πρέπει να καθαριστούν τα βρώμικα νερά αμέσως', '5.32042621827000', '122.54529647200000', 1),
(52, 'Ο σπύρος ρίχνει ξυλο στο πισι του', 'Οι υπολογιστές της γραμματείας χαλάσαν πάλι', '37.14057840290000', '105.51238697200000', 1),
(53, 'Οι υπολογιστές της γραμματείας χαλάσαν π', 'Ο σπύρος ρίχνει ξυλο στο πισι του', '-63.38153533450000', '33.28875220510000', 1),
(54, 'Πρέπει να καθαριστούν τα βρώμικα νερά αμ', 'Πρέπει να καθαριστούν τα βρώμικα νερά αμέσως', '-26.89632582980000', '-10.74211379710000', 1),
(55, 'Πρέπει να καθαριστούν τα βρώμικα νερά αμ', 'Πρέπει να διορθωθεί το σπασμένο πληκτρολόγιο', '-68.34495206740000', '-73.81875055700000', 1),
(56, 'Πρέπει να καθαριστούν τα βρώμικα νερά αμ', 'Ο σπύρος ρίχνει ξυλο στο πισι του', '-66.43092122310000', '26.79734219410000', 1),
(57, 'Πρέπει να διορθωθεί το χαλασμένο ασανσέρ', 'Πρέπει να διορθωθεί το χαλασμένο ασανσέρ', '-5.59917007785000', '9.98188477879000', 1),
(58, 'Οι υπολογιστές της γραμματείας χαλάσαν π', 'Eίναι απαραίτητη ανάγκη να επιδιορθωθεί η λακούβα', '-64.19486168940000', '-25.65266174520000', 1),
(59, 'Ο μήτσος βγήκε απο το χαλασμένο ασανσέρ', 'Πρέπει να επιδιορθωθεί η λακούβα', '-9.79958440347000', '131.08986030500000', 1),
(60, 'Πρέπει να επιδιορθωθεί η λακούβα', 'Να αντικατασταθεί το χαλασμένο ασανσέρ', '-65.38056378360000', '-83.93653887220000', 1),
(61, 'Eίναι απαραίτητη ανάγκη να διορθωθεί το ', 'Eίναι απαραίτητη ανάγκη να επιδιορθωθεί η λακούβα', '46.01885216390000', '-114.06038564000000', 1),
(62, 'Ο σπύρος ρίχνει ξυλο στο πισι του', 'Πρέπει να διορθωθεί το σπασμένο πληκτρολόγιο', '1.01029045370000', '-20.40019085360000', 1),
(63, 'Οι υπολογιστές της γραμματείας χαλάσαν π', 'Να αντικατασταθεί το σπασμένο πληκτρολόγιο', '6.78786754048000', '104.96660400200000', 1),
(64, 'Eίναι απαραίτητη ανάγκη να καθαριστούν τ', 'Ο μήτσος βγήκε απο το σπασμένο πληκτρολόγιο', '-84.53294050960000', '12.01174754300000', 1),
(65, 'Οι υπολογιστές της γραμματείας χαλάσαν π', 'Πρέπει να καθαριστούν τα βρώμικα νερά αμέσως', '10.96216829820000', '-164.87992053100000', 1),
(66, 'Να αντικατασταθεί το χαλασμένο ασανσέρ', 'Να αντικατασταθεί το σπίτι', '-22.36505877010000', '41.04202307270000', 1),
(67, 'Πρέπει να καθαριστούν τα βρώμικα νερά αμ', 'Πρέπει να επιδιορθωθεί η λακούβα', '-73.72291558260000', '158.80129566400000', 1),
(68, 'Πρέπει να καθαριστούν τα βρώμικα νερά αμ', 'Eίναι απαραίτητη ανάγκη να διορθωθεί το σπίτι', '-85.86763858110000', '-170.55358978100000', 1),
(69, 'Οι υπολογιστές της γραμματείας χαλάσαν π', 'Eίναι απαραίτητη ανάγκη να διορθωθεί το χαλασμένο ασανσέρ', '-32.59702671910000', '-9.09019722973000', 1),
(70, 'Να αντικατασταθεί το σπασμένο πληκτρολόγ', 'Eίναι απαραίτητη ανάγκη να επιδιορθωθεί η λακούβα', '40.04037995630000', '10.30055919760000', 1),
(71, 'Πρέπει να διορθωθεί το σπίτι', 'Να αντικατασταθεί το σπασμένο πληκτρολόγιο', '67.97475815840000', '-147.19866230200000', 1),
(72, 'Οι υπολογιστές της γραμματείας χαλάσαν π', 'Οι υπολογιστές της γραμματείας χαλάσαν πάλι', '83.60659867200000', '138.99939635600000', 1),
(73, 'Οι υπολογιστές της γραμματείας χαλάσαν π', 'Eίναι απαραίτητη ανάγκη να επιδιορθωθεί η λακούβα', '53.71645491090000', '23.20060679650000', 1),
(74, 'Πρέπει να επιδιορθωθεί η λακούβα', 'Πρέπει να διορθωθεί το σπασμένο πληκτρολόγιο', '-15.08980204750000', '-95.97662896020000', 1),
(75, 'Ο μήτσος βγήκε απο το σπίτι', 'Πρέπει να καθαριστούν τα βρώμικα νερά αμέσως', '-23.55181434910000', '122.82268503800000', 1),
(76, 'Πρέπει να επιδιορθωθεί η λακούβα', 'Πρέπει να επιδιορθωθεί η λακούβα', '-74.65020289140000', '93.86397867510000', 1),
(77, 'Οι υπολογιστές της γραμματείας χαλάσαν π', 'Πρέπει να επιδιορθωθεί η λακούβα', '51.77797614890000', '-29.09395242190000', 1),
(78, 'Eίναι απαραίτητη ανάγκη να καθαριστούν τ', 'Οι υπολογιστές της γραμματείας χαλάσαν πάλι', '34.35161473590000', '140.20169484500000', 1),
(79, 'Eίναι απαραίτητη ανάγκη να επιδιορθωθεί ', 'Ο σπύρος ρίχνει ξυλο στο πισι του', '73.29288657450000', '-109.50350208400000', 1),
(80, 'Να αντικατασταθεί το σπίτι', 'Πρέπει να καθαριστούν τα βρώμικα νερά αμέσως', '-22.40526233780000', '171.71329634100000', 1),
(81, 'Eίναι απαραίτητη ανάγκη να επιδιορθωθεί ', 'Οι υπολογιστές της γραμματείας χαλάσαν πάλι', '75.79091030060000', '-31.22796967060000', 1),
(82, 'Ο μήτσος βγήκε απο το σπασμένο πληκτρολό', 'Να αντικατασταθεί το σπασμένο πληκτρολόγιο', '35.36111055780000', '-3.82341832199000', 1),
(83, 'Οι υπολογιστές της γραμματείας χαλάσαν π', 'Να αντικατασταθεί το σπασμένο πληκτρολόγιο', '47.99702544000000', '-25.53617712800000', 1),
(84, 'Οι υπολογιστές της γραμματείας χαλάσαν π', 'Eίναι απαραίτητη ανάγκη να διορθωθεί το χαλασμένο ασανσέρ', '-27.94274972640000', '72.30690929590000', 1),
(85, 'Οι υπολογιστές της γραμματείας χαλάσαν π', 'Ο μήτσος βγήκε απο το σπασμένο πληκτρολόγιο', '88.74266526210000', '-162.04062855000000', 1),
(86, 'Οι υπολογιστές της γραμματείας χαλάσαν π', 'Πρέπει να καθαριστούν τα βρώμικα νερά αμέσως', '-43.25455707800000', '-179.04884352100000', 1),
(87, 'Πρέπει να διορθωθεί το χαλασμένο ασανσέρ', 'Να αντικατασταθεί το σπασμένο πληκτρολόγιο', '-64.81992087090000', '169.75798887200000', 1),
(88, 'Οι υπολογιστές της γραμματείας χαλάσαν π', 'Ο μήτσος βγήκε απο το σπίτι', '47.16403643940000', '-8.30679213232000', 1),
(89, 'Οι υπολογιστές της γραμματείας χαλάσαν π', 'Οι υπολογιστές της γραμματείας χαλάσαν πάλι', '64.12133104160000', '-62.87768567090000', 1),
(90, 'Πρέπει να επιδιορθωθεί η λακούβα', 'Να αντικατασταθεί το σπίτι', '60.03297936140000', '-164.31747012300000', 1),
(91, 'Οι υπολογιστές της γραμματείας χαλάσαν π', 'Πρέπει να διορθωθεί το σπασμένο πληκτρολόγιο', '36.69387152210000', '-120.40821937300000', 1),
(92, 'Eίναι απαραίτητη ανάγκη να καθαριστούν τ', 'Eίναι απαραίτητη ανάγκη να επιδιορθωθεί η λακούβα', '-14.87096039940000', '-128.93734091700000', 1),
(93, 'Ο σπύρος ρίχνει ξυλο στο πισι του', 'Να αντικατασταθεί το χαλασμένο ασανσέρ', '1.53588313291000', '-82.40272584140000', 1),
(94, 'Πρέπει να διορθωθεί το σπασμένο πληκτρολ', 'Οι υπολογιστές της γραμματείας χαλάσαν πάλι', '-31.96537469760000', '-15.04355597680000', 1),
(95, 'Ο μήτσος βγήκε απο το σπίτι', 'Πρέπει να διορθωθεί το χαλασμένο ασανσέρ', '72.42205688430000', '43.54356428870000', 1),
(96, 'Ο σπύρος ρίχνει ξυλο στο πισι του', 'Πρέπει να διορθωθεί το σπασμένο πληκτρολόγιο', '31.25686080760000', '-51.46082578350000', 1),
(97, 'Να αντικατασταθεί το χαλασμένο ασανσέρ', 'Οι υπολογιστές της γραμματείας χαλάσαν πάλι', '39.71169415350000', '143.24984400000000', 1),
(98, 'Ο σπύρος ρίχνει ξυλο στο πισι του', 'Πρέπει να επιδιορθωθεί η λακούβα', '-67.80773696370000', '-102.96615158200000', 1),
(99, 'Ο μήτσος βγήκε απο το σπίτι', 'Eίναι απαραίτητη ανάγκη να καθαριστούν τα βρώμικα νερά αμέσως', '24.18099523970000', '61.09721595820000', 1),
(100, 'Πρέπει να διορθωθεί το χαλασμένο ασανσέρ', 'Οι υπολογιστές της γραμματείας χαλάσαν πάλι', '44.03107190780000', '129.56296366100000', 1),
(101, 'Πρέπει να διορθωθεί το σπασμένο πληκτρολ', 'Πρέπει να διορθωθεί το χαλασμένο ασανσέρ', '31.26692022570000', '-136.11210592000000', 1),
(102, 'Eίναι απαραίτητη ανάγκη να διορθωθεί το ', 'Ο σπύρος ρίχνει ξυλο στο πισι του', '-8.31259128186000', '69.99505738410000', 1),
(103, 'Πρέπει να διορθωθεί το σπίτι', 'Οι υπολογιστές της γραμματείας χαλάσαν πάλι', '57.81645610270000', '-30.92008624180000', 1),
(104, 'Eίναι απαραίτητη ανάγκη να καθαριστούν τ', 'Πρέπει να διορθωθεί το σπασμένο πληκτρολόγιο', '-50.31102595740000', '-154.30396542500000', 1),
(105, 'Eίναι απαραίτητη ανάγκη να επιδιορθωθεί ', 'Πρέπει να επιδιορθωθεί η λακούβα', '17.51695810950000', '67.56742797380000', 1),
(106, 'Πρέπει να καθαριστούν τα βρώμικα νερά αμ', 'Να αντικατασταθεί το χαλασμένο ασανσέρ', '61.09779674390000', '98.80037946480000', 1),
(107, 'Ο μήτσος βγήκε απο το σπίτι', 'Ο σπύρος ρίχνει ξυλο στο πισι του', '-86.00059749270000', '179.18651748400000', 1),
(108, 'Ο μήτσος βγήκε απο το χαλασμένο ασανσέρ', 'Να αντικατασταθεί το σπίτι', '20.64657643330000', '-142.54351466400000', 1),
(109, 'Πρέπει να διορθωθεί το χαλασμένο ασανσέρ', 'Eίναι απαραίτητη ανάγκη να διορθωθεί το χαλασμένο ασανσέρ', '-9.53096692797000', '19.69462460400000', 1),
(110, 'Ο μήτσος βγήκε απο το σπασμένο πληκτρολό', 'Eίναι απαραίτητη ανάγκη να επιδιορθωθεί η λακούβα', '46.75397963600000', '48.21255673220000', 1),
(111, 'Να αντικατασταθεί το χαλασμένο ασανσέρ', 'Οι υπολογιστές της γραμματείας χαλάσαν πάλι', '-53.43318804910000', '-37.05590500330000', 1),
(112, 'Να αντικατασταθεί το σπασμένο πληκτρολόγ', 'Eίναι απαραίτητη ανάγκη να διορθωθεί το σπίτι', '-12.99397642710000', '-33.11220316010000', 1),
(113, 'Πρέπει να διορθωθεί το σπασμένο πληκτρολ', 'Πρέπει να επιδιορθωθεί η λακούβα', '25.76477770980000', '89.95274986920000', 1),
(114, 'Πρέπει να διορθωθεί το σπασμένο πληκτρολ', 'Πρέπει να καθαριστούν τα βρώμικα νερά αμέσως', '37.52848874890000', '-123.86832779300000', 1),
(115, 'Οι υπολογιστές της γραμματείας χαλάσαν π', 'Πρέπει να καθαριστούν τα βρώμικα νερά αμέσως', '-81.66364148030000', '-52.46217931630000', 1),
(116, 'Οι υπολογιστές της γραμματείας χαλάσαν π', 'Ο μήτσος βγήκε απο το σπίτι', '0.35374033544300', '-154.36604806800000', 1),
(117, 'Ο σπύρος ρίχνει ξυλο στο πισι του', 'Πρέπει να διορθωθεί το σπασμένο πληκτρολόγιο', '30.86910416420000', '-75.76398898110000', 1),
(118, 'Οι υπολογιστές της γραμματείας χαλάσαν π', 'Ο σπύρος ρίχνει ξυλο στο πισι του', '-66.93505147870000', '94.01650438240000', 1),
(119, 'Πρέπει να επιδιορθωθεί η λακούβα', 'Οι υπολογιστές της γραμματείας χαλάσαν πάλι', '73.23824929640000', '43.44657147840000', 1),
(120, 'Οι υπολογιστές της γραμματείας χαλάσαν π', 'Πρέπει να διορθωθεί το χαλασμένο ασανσέρ', '-40.94811072110000', '-40.69220639620000', 1),
(121, 'Πρέπει να επιδιορθωθεί η λακούβα', 'Ο μήτσος βγήκε απο το σπίτι', '86.33401564980000', '99.12399459110000', 1),
(122, 'Οι υπολογιστές της γραμματείας χαλάσαν π', 'Να αντικατασταθεί το σπίτι', '-32.42190969770000', '156.90193495100000', 1),
(123, 'Ο μήτσος βγήκε απο το χαλασμένο ασανσέρ', 'Να αντικατασταθεί το σπίτι', '16.80137912470000', '57.65089530600000', 1),
(124, 'Ο σπύρος ρίχνει ξυλο στο πισι του', 'Να αντικατασταθεί το σπασμένο πληκτρολόγιο', '49.14054787550000', '-60.48361827350000', 1),
(125, 'Οι υπολογιστές της γραμματείας χαλάσαν π', 'Να αντικατασταθεί το χαλασμένο ασανσέρ', '-75.36734691790000', '-131.42134940000000', 1),
(126, 'Eίναι απαραίτητη ανάγκη να επιδιορθωθεί ', 'Οι υπολογιστές της γραμματείας χαλάσαν πάλι', '88.06088432590000', '133.09992507900000', 1),
(127, 'Ο μήτσος βγήκε απο το σπίτι', 'Ο μήτσος βγήκε απο το σπασμένο πληκτρολόγιο', '-59.69970715940000', '-99.55612905460000', 1),
(128, 'Να αντικατασταθεί το χαλασμένο ασανσέρ', 'Να αντικατασταθεί το σπίτι', '-27.53427421580000', '119.05361798400000', 1),
(129, 'Οι υπολογιστές της γραμματείας χαλάσαν π', 'Οι υπολογιστές της γραμματείας χαλάσαν πάλι', '64.18676895660000', '118.32901345900000', 1),
(130, 'Πρέπει να διορθωθεί το σπίτι', 'Eίναι απαραίτητη ανάγκη να διορθωθεί το σπίτι', '26.63864297660000', '-169.17413736800000', 1),
(131, 'Ο μήτσος βγήκε απο το σπίτι', 'Πρέπει να διορθωθεί το χαλασμένο ασανσέρ', '69.65596170150000', '-132.71686037700000', 1),
(132, 'Πρέπει να καθαριστούν τα βρώμικα νερά αμ', 'Ο μήτσος βγήκε απο το χαλασμένο ασανσέρ', '72.57623183950000', '-159.77182427400000', 1),
(133, 'Πρέπει να διορθωθεί το χαλασμένο ασανσέρ', 'Πρέπει να καθαριστούν τα βρώμικα νερά αμέσως', '79.54221172540000', '-94.94420409450000', 1),
(134, 'Οι υπολογιστές της γραμματείας χαλάσαν π', 'Eίναι απαραίτητη ανάγκη να επιδιορθωθεί η λακούβα', '57.82782437370000', '27.57112656630000', 1),
(135, 'Ο σπύρος ρίχνει ξυλο στο πισι του', 'Πρέπει να διορθωθεί το σπίτι', '56.66168997970000', '158.40312432000000', 1),
(136, 'Ο σπύρος ρίχνει ξυλο στο πισι του', 'Ο μήτσος βγήκε απο το σπασμένο πληκτρολόγιο', '76.08441770280000', '-121.63244591300000', 1),
(137, 'Ο μήτσος βγήκε απο το σπίτι', 'Ο μήτσος βγήκε απο το σπίτι', '-32.21214995230000', '146.99749731300000', 1),
(138, 'Πρέπει να διορθωθεί το σπίτι', 'Οι υπολογιστές της γραμματείας χαλάσαν πάλι', '-71.54893461250000', '-34.84444593490000', 1),
(139, 'Ο μήτσος βγήκε απο το σπίτι', 'Οι υπολογιστές της γραμματείας χαλάσαν πάλι', '83.80104389970000', '-22.17271928070000', 1),
(140, 'Ο μήτσος βγήκε απο το σπασμένο πληκτρολό', 'Πρέπει να επιδιορθωθεί η λακούβα', '-48.76525635900000', '159.47062963800000', 1),
(141, 'Οι υπολογιστές της γραμματείας χαλάσαν π', 'Eίναι απαραίτητη ανάγκη να καθαριστούν τα βρώμικα νερά αμέσως', '78.90829962240000', '38.65348482370000', 1),
(142, 'Να αντικατασταθεί το σπίτι', 'Eίναι απαραίτητη ανάγκη να διορθωθεί το σπίτι', '-81.63382564890000', '-4.22954451524000', 1),
(143, 'Οι υπολογιστές της γραμματείας χαλάσαν π', 'Οι υπολογιστές της γραμματείας χαλάσαν πάλι', '12.75384657060000', '-27.77285155500000', 1),
(144, 'Πρέπει να καθαριστούν τα βρώμικα νερά αμ', 'Να αντικατασταθεί το σπίτι', '61.29958671340000', '107.85527793200000', 1),
(145, 'Ο μήτσος βγήκε απο το σπασμένο πληκτρολό', 'Ο μήτσος βγήκε απο το σπίτι', '28.94798083710000', '81.97641063070000', 1),
(146, 'Πρέπει να επιδιορθωθεί η λακούβα', 'Να αντικατασταθεί το χαλασμένο ασανσέρ', '-37.19104379170000', '-26.62116513840000', 1),
(147, 'Ο μήτσος βγήκε απο το χαλασμένο ασανσέρ', 'Ο σπύρος ρίχνει ξυλο στο πισι του', '-65.68588604000000', '140.00669670700000', 1),
(148, 'Πρέπει να επιδιορθωθεί η λακούβα', 'Eίναι απαραίτητη ανάγκη να επιδιορθωθεί η λακούβα', '19.63875136670000', '119.89792187400000', 1),
(149, 'adfsasdfasdfasdf', 'adfadsfasdfasdfa', '38.81028482305270', '-18.10662750000006', 3),
(150, 'Πρέπει να επιδιορθωθεί η λακούβα', 'Ο μήτσος βγήκε απο το σπίτι', '77.60452635270000', '-104.09471192500000', 1),
(151, 'Ο μήτσος βγήκε απο το σπίτι', 'Πρέπει να καθαριστούν τα βρώμικα νερά αμέσως', '71.47050713890000', '-33.08177591550000', 1),
(152, 'Eίναι απαραίτητη ανάγκη να καθαριστούν τ', 'Eίναι απαραίτητη ανάγκη να διορθωθεί το σπασμένο πληκτρολόγιο', '63.45429580890000', '-23.12474953640000', 1),
(153, 'Να αντικατασταθεί το σπίτι', 'Eίναι απαραίτητη ανάγκη να διορθωθεί το σπίτι', '55.02126295110000', '-3.14006117929000', 1),
(154, 'Οι υπολογιστές της γραμματείας χαλάσαν π', 'Ο μήτσος βγήκε απο το σπίτι', '53.75472330730000', '-71.07018660760000', 1),
(155, 'Ο σπύρος ρίχνει ξυλο στο πισι του', 'Πρέπει να διορθωθεί το σπασμένο πληκτρολόγιο', '37.80282677690000', '157.96078361300000', 1),
(156, 'Ο μήτσος βγήκε απο το σπίτι', 'Eίναι απαραίτητη ανάγκη να επιδιορθωθεί η λακούβα', '44.97552830980000', '-119.38446937000000', 1),
(157, 'Ο σπύρος ρίχνει ξυλο στο πισι του', 'Να αντικατασταθεί το σπασμένο πληκτρολόγιο', '-48.49112816260000', '96.73493333850000', 1),
(158, 'Eίναι απαραίτητη ανάγκη να καθαριστούν τ', 'Οι υπολογιστές της γραμματείας χαλάσαν πάλι', '8.85564838148000', '96.61445475280000', 1),
(159, 'TV asdf', 'Asddfggh', '39.00000000000000', '22.00000000000000', 2);

-- --------------------------------------------------------

--
-- Δομή πίνακα για τον πίνακα `web_report_images`
--

CREATE TABLE IF NOT EXISTS `web_report_images` (
  `id` int(10) NOT NULL AUTO_INCREMENT,
  `path` varchar(255) NOT NULL,
  `report_id` int(10) NOT NULL,
  PRIMARY KEY (`id`),
  KEY `FK_report_image` (`report_id`)
) ENGINE=InnoDB  DEFAULT CHARSET=utf8 AUTO_INCREMENT=6 ;

--
-- Άδειασμα δεδομένων του πίνακα `web_report_images`
--

INSERT INTO `web_report_images` (`id`, `path`, `report_id`) VALUES
(4, 'views/images/ab4350d80d1598d94a61af78e356eb34.png', 3),
(5, 'views/images/b51ca950f1695090f9998ba0c96f1024.jpg', 159);

-- --------------------------------------------------------

--
-- Δομή πίνακα για τον πίνακα `web_users`
--

CREATE TABLE IF NOT EXISTS `web_users` (
  `user_id` int(11) NOT NULL AUTO_INCREMENT,
  `user_name` varchar(64) NOT NULL,
  `user_password_hash` varchar(255) NOT NULL,
  `user_email` varchar(64) NOT NULL,
  `user_rememberme_token` varchar(64) DEFAULT NULL,
  `user_failed_logins` tinyint(1) NOT NULL DEFAULT '0',
  `user_last_failed_login` int(10) DEFAULT NULL,
  `user_registration_datetime` datetime NOT NULL DEFAULT '0000-00-00 00:00:00',
  `user_registration_ip` varchar(39) NOT NULL DEFAULT '0.0.0.0',
  `user_type` tinyint(1) DEFAULT '0',
  `user_fullname` text NOT NULL,
  `user_phone` varchar(10) NOT NULL,
  PRIMARY KEY (`user_id`),
  UNIQUE KEY `user_name` (`user_name`),
  UNIQUE KEY `user_email` (`user_email`)
) ENGINE=InnoDB  DEFAULT CHARSET=utf8 AUTO_INCREMENT=8 ;

--
-- Άδειασμα δεδομένων του πίνακα `web_users`
--

INSERT INTO `web_users` (`user_id`, `user_name`, `user_password_hash`, `user_email`, `user_rememberme_token`, `user_failed_logins`, `user_last_failed_login`, `user_registration_datetime`, `user_registration_ip`, `user_type`, `user_fullname`, `user_phone`) VALUES
(3, 'sespiros', '$2y$10$nbyi3yodQ240KoxVJYCqEepC4SNLGljv1wa6/Ikb9LqMP99V8NLm2', 'sespiros@gmail.com', NULL, 0, NULL, '2014-04-15 23:49:57', '127.0.0.1', 1, 'Σπύρος Σειμένης', '0905555555'),
(4, 'PESCI', '$2y$10$nbyi3yodQ240KoxVJYCqEepC4SNLGljv1wa6/Ikb9LqMP99V8NLm2', 'pesci@example.com', NULL, 0, NULL, '2014-04-15 23:49:57', '127.0.0.1', 0, '', ''),
(5, 'malakas2', '$2y$10$NhRNyHSEjLlmrRyk3u3bcuZXW2lmvsH5qlTWqN1vesNQsq/qvBI7W', 'test@test.com', NULL, 0, NULL, '2014-06-28 21:41:43', '::1', 0, '', ''),
(6, 'anastasia', '$2y$10$7J27pzFVngjdN4SYFDS2VeCQ7mijVS3064KY0CtDodcVsGhc.YabK', 'aa@aa.com', '5e132a795084fdc431b2b30a390e4dbb9aae2165400ea880792851de15907e22', 0, NULL, '2014-06-29 15:35:35', '192.168.2.6', 0, '', ''),
(7, 'asdf12', '$2y$10$gj.mo5uDW/7kqudpdSnNe.TknSlr7caEo8889ygiA0s/4Jpqqd3Bq', 'asdf@asdf.comcom', NULL, 0, NULL, '2014-06-29 16:53:10', '::1', 0, 'spyros test ', '1234567890');

--
-- Περιορισμοί για άχρηστους πίνακες
--

--
-- Περιορισμοί για πίνακα `web_reports`
--
ALTER TABLE `web_reports`
  ADD CONSTRAINT `FK_report_users` FOREIGN KEY (`submitter_id`) REFERENCES `web_users` (`user_id`) ON DELETE CASCADE ON UPDATE CASCADE;

--
-- Περιορισμοί για πίνακα `web_report_details`
--
ALTER TABLE `web_report_details`
  ADD CONSTRAINT `FK_report_detail` FOREIGN KEY (`report_id`) REFERENCES `web_reports` (`id`) ON DELETE CASCADE ON UPDATE CASCADE;

--
-- Περιορισμοί για πίνακα `web_report_images`
--
ALTER TABLE `web_report_images`
  ADD CONSTRAINT `FK_report_image` FOREIGN KEY (`report_id`) REFERENCES `web_reports` (`id`) ON DELETE CASCADE ON UPDATE CASCADE;

/*!40101 SET CHARACTER_SET_CLIENT=@OLD_CHARACTER_SET_CLIENT */;
/*!40101 SET CHARACTER_SET_RESULTS=@OLD_CHARACTER_SET_RESULTS */;
/*!40101 SET COLLATION_CONNECTION=@OLD_COLLATION_CONNECTION */;
